{
	"agent": "LearningAgent",
	"outputfile": "stats_Revision_Probability",
	"domain": "complex_lessvars",
	"problems": [
		"complex_inst2"
	],
	"width": 1200,
	"height": 300,
	"waitms": 0,
	"seed": 123456789,

	"verbose": false,
	"debug": false,
	"defaultauto": true,

	"useheadstart": false,
	"headstart": [
		"complex_inst2_headstart"
	],

	"test": {
		"performtests": true,
		"testproblem": "complex_inst2",
		"testfile": "generated_traces_100pa_complex_lessvars.json",
		"planningproblems": 20
	},

	"irale": {
		"runs": 2,
		"steps": 10000,
		"reset_state_after_stagnation": false,
		"reset_state_after": 30,
		"test_domain_every": 30,
		"test_only_when_knowledge_modified": true,
		"always_generalize_constants": false,
		"use_bayesian_explorer": true,
		"least_general": false,
		"generalization_trials": 1
	},

	"bayesian_explorer": {
		"random": false,
		"gamma": 0.99,
		"start_pu": 0.01,
		"estimated_rules_per_action": 2,
		"exploration_time_limit": 2.0,

		"random_plans": 20,
		"random_experiments": 5,
		"random_action_trials": 50,
		"plan_depth": 3,

		"use_stagnation": false,
		"stagnation_threshold": 50,

		"use_passthrough": true,
		"passthrough_threshold": 0.9,

		"meta_probability": 0.0,
		"base_reset_prob": 0.2,
		"fact_removal_discount": 1.0,

		"random_discount": 0.98,
		"focus_specific_rules": 0.0,

		"save_motivation_trace": false,
		"motivation_trace_file_name": "trace_motivation"
	},

	"irale_explorer": {
		"epsilon": 0.0
	}
}
